"","X","ID","Description","setSize","enrichmentScore","NES","pvalue","p.adjust","qvalues","rank","leading_edge","core_enrichment","immune_system_processes","regulation_of_immune_system_processes","immune_response_regulating_signaling_pathway","cytokine_production","cytokine_mediated_signaling_pathway","defense_response","regulation_of_defense_response","leukocyte_proliferation"
"GO:0010951","GO:0010951","GO:0010951","negative regulation of endopeptidase activity",115,-0.652931276459229,-2.00197217030148,1.13643222512789e-07,0.000503627753772582,0.00045217635229207,667,"tags=19%, list=5%, signal=18%","ENSG00000148204/ENSG00000135744/ENSG00000116133/ENSG00000157150/ENSG00000140093/ENSG00000184500/ENSG00000167711/ENSG00000113889/ENSG00000114270/ENSG00000151655/ENSG00000149131/ENSG00000090512/ENSG00000099937/ENSG00000125730/ENSG00000100665/ENSG00000106804/ENSG00000166535/ENSG00000162267/ENSG00000106927/ENSG00000117601/ENSG00000145192/ENSG00000012223","FALSE","FALSE","FALSE","FALSE","FALSE","FALSE","FALSE","FALSE"
"GO:0050853","GO:0050853","GO:0050853","B cell receptor signaling pathway",38,0.757470031267951,2.24535796619508,1.826392579411e-07,0.000503627753772582,0.00045217635229207,637,"tags=26%, list=5%, signal=25%","ENSG00000012124/ENSG00000211899/ENSG00000196092/ENSG00000105369/ENSG00000159216/ENSG00000010671/ENSG00000160999/ENSG00000081189/ENSG00000165025/ENSG00000131378","TRUE","TRUE","TRUE","FALSE","FALSE","FALSE","FALSE","FALSE"
"GO:0045214","GO:0045214","GO:0045214","sarcomere organization",30,-0.830199811474784,-2.07179626415013,4.04004162741312e-07,0.000594506697976005,0.000533770960973255,1082,"tags=40%, list=9%, signal=37%","ENSG00000100625/ENSG00000105048/ENSG00000172399/ENSG00000129170/ENSG00000155657/ENSG00000173991/ENSG00000170807/ENSG00000239474/ENSG00000122367/ENSG00000143318/ENSG00000177791/ENSG00000166317","FALSE","FALSE","FALSE","FALSE","FALSE","FALSE","FALSE","FALSE"
"GO:0051146","GO:0051146","GO:0051146","striated muscle cell differentiation",207,-0.557777210451192,-1.82841977589788,4.31192527997103e-07,0.000594506697976005,0.000533770960973255,1321,"tags=20%, list=11%, signal=18%","ENSG00000157119/ENSG00000089225/ENSG00000115593/ENSG00000179218/ENSG00000113083/ENSG00000100625/ENSG00000105048/ENSG00000167244/ENSG00000172399/ENSG00000129170/ENSG00000133392/ENSG00000061492/ENSG00000112837/ENSG00000154342/ENSG00000136574/ENSG00000132429/ENSG00000077092/ENSG00000135547/ENSG00000134057/ENSG00000155657/ENSG00000184058/ENSG00000283927/ENSG00000125084/ENSG00000173991/ENSG00000126778/ENSG00000185482/ENSG00000102554/ENSG00000170175/ENSG00000187616/ENSG00000170807/ENSG00000133454/ENSG00000239474/ENSG00000122180/ENSG00000197893/ENSG00000017427/ENSG00000143632/ENSG00000111049/ENSG00000122367/ENSG00000143318/ENSG00000198796/ENSG00000177791/ENSG00000166317","FALSE","FALSE","FALSE","FALSE","FALSE","FALSE","FALSE","FALSE"
"GO:0071103","GO:0071103","GO:0071103","DNA conformation change",207,-0.545619688754255,-1.78856685132499,1.81883341197276e-06,0.00113138376345512,0.00101579982312218,2983,"tags=47%, list=24%, signal=36%","ENSG00000132475/ENSG00000049541/ENSG00000166508/ENSG00000187790/ENSG00000118900/ENSG00000047410/ENSG00000169689/ENSG00000119335/ENSG00000120334/ENSG00000138375/ENSG00000175334/ENSG00000111445/ENSG00000141510/ENSG00000124535/ENSG00000121988/ENSG00000112941/ENSG00000181163/ENSG00000145736/ENSG00000151725/ENSG00000177302/ENSG00000101945/ENSG00000132383/ENSG00000105011/ENSG00000163918/ENSG00000175792/ENSG00000111358/ENSG00000154767/ENSG00000189060/ENSG00000163104/ENSG00000132740/ENSG00000134452/ENSG00000164104/ENSG00000132780/ENSG00000143799/ENSG00000136492/ENSG00000020922/ENSG00000130726/ENSG00000189403/ENSG00000099284/ENSG00000187475/ENSG00000162521/ENSG00000075856/ENSG00000178460/ENSG00000107815/ENSG00000085999/ENSG00000198765/ENSG00000135046/ENSG00000147316/ENSG00000145907/ENSG00000160957/ENSG00000102384/ENSG00000140451/ENSG00000102038/ENSG00000156502/ENSG00000068878/ENSG00000188486/ENSG00000051180/ENSG00000188312/ENSG00000112118/ENSG00000129534/ENSG00000197837/ENSG00000196497/ENSG00000119969/ENSG00000166451/ENSG00000186871/ENSG00000076003/ENSG00000136982/ENSG00000106028/ENSG00000149503/ENSG00000133119/ENSG00000100297/ENSG00000159055/ENSG00000010292/ENSG00000101812/ENSG00000100162/ENSG00000163312/ENSG00000111877/ENSG00000197275/ENSG00000167670/ENSG00000183598/ENSG00000109805/ENSG00000136824/ENSG00000102901/ENSG00000104738/ENSG00000121152/ENSG00000146918/ENSG00000073111/ENSG00000013573/ENSG00000131747/ENSG00000146670/ENSG00000134057/ENSG00000155657/ENSG00000159259/ENSG00000168802/ENSG00000164850/ENSG00000123219/ENSG00000111732","FALSE","FALSE","FALSE","FALSE","FALSE","FALSE","FALSE","FALSE"
"GO:0006281","GO:0006281","GO:0006281","DNA repair",415,-0.474242655090115,-1.63072275009615,2.05146647951971e-06,0.00113138376345512,0.00101579982312218,3430,"tags=44%, list=28%, signal=33%","ENSG00000128908/ENSG00000158161/ENSG00000010072/ENSG00000128513/ENSG00000103194/ENSG00000069275/ENSG00000014824/ENSG00000163882/ENSG00000079616/ENSG00000100865/ENSG00000151657/ENSG00000141030/ENSG00000131153/ENSG00000091483/ENSG00000112249/ENSG00000204991/ENSG00000149923/ENSG00000112039/ENSG00000183207/ENSG00000146648/ENSG00000175073/ENSG00000141255/ENSG00000048028/ENSG00000165280/ENSG00000049541/ENSG00000169189/ENSG00000166508/ENSG00000187790/ENSG00000198890/ENSG00000162039/ENSG00000169689/ENSG00000106399/ENSG00000174405/ENSG00000140455/ENSG00000102978/ENSG00000138375/ENSG00000113456/ENSG00000111445/ENSG00000054965/ENSG00000141510/ENSG00000141499/ENSG00000124535/ENSG00000004487/ENSG00000140534/ENSG00000121988/ENSG00000112941/ENSG00000181163/ENSG00000145736/ENSG00000198924/ENSG00000198783/ENSG00000178295/ENSG00000115274/ENSG00000103152/ENSG00000093009/ENSG00000137337/ENSG00000084073/ENSG00000170430/ENSG00000140521/ENSG00000107949/ENSG00000048392/ENSG00000168411/ENSG00000152457/ENSG00000189046/ENSG00000132383/ENSG00000115233/ENSG00000163918/ENSG00000062822/ENSG00000175792/ENSG00000198690/ENSG00000110107/ENSG00000183624/ENSG00000154920/ENSG00000111358/ENSG00000089280/ENSG00000154767/ENSG00000087206/ENSG00000113318/ENSG00000148153/ENSG00000163104/ENSG00000097046/ENSG00000132740/ENSG00000149136/ENSG00000134452/ENSG00000101347/ENSG00000164104/ENSG00000143799/ENSG00000136492/ENSG00000136319/ENSG00000064655/ENSG00000117748/ENSG00000020922/ENSG00000114026/ENSG00000130726/ENSG00000189403/ENSG00000172613/ENSG00000070193/ENSG00000122678/ENSG00000132436/ENSG00000183765/ENSG00000129355/ENSG00000160949/ENSG00000169592/ENSG00000077152/ENSG00000100823/ENSG00000134278/ENSG00000178460/ENSG00000178028/ENSG00000178966/ENSG00000085999/ENSG00000198765/ENSG00000101868/ENSG00000183161/ENSG00000116062/ENSG00000138376/ENSG00000158169/ENSG00000174371/ENSG00000092853/ENSG00000149311/ENSG00000172273/ENSG00000140525/ENSG00000163029/ENSG00000083093/ENSG00000156384/ENSG00000160957/ENSG00000101442/ENSG00000140451/ENSG00000125319/ENSG00000204410/ENSG00000163781/ENSG00000136518/ENSG00000068878/ENSG00000124795/ENSG00000188486/ENSG00000177143/ENSG00000181544/ENSG00000011485/ENSG00000160117/ENSG00000051180/ENSG00000196584/ENSG00000214941/ENSG00000160207/ENSG00000112118/ENSG00000175854/ENSG00000197837/ENSG00000143971/ENSG00000095002/ENSG00000111802/ENSG00000076003/ENSG00000185504/ENSG00000147536/ENSG00000100918/ENSG00000166803/ENSG00000133119/ENSG00000109674/ENSG00000105486/ENSG00000170312/ENSG00000100297/ENSG00000198554/ENSG00000109685/ENSG00000132646/ENSG00000163312/ENSG00000111877/ENSG00000197275/ENSG00000167670/ENSG00000171320/ENSG00000112319/ENSG00000276043/ENSG00000104738/ENSG00000143476/ENSG00000078900/ENSG00000073111/ENSG00000013573/ENSG00000111206/ENSG00000076248/ENSG00000183763/ENSG00000185480/ENSG00000146670/ENSG00000101204/ENSG00000146263/ENSG00000204086/ENSG00000159259/ENSG00000100479/ENSG00000104313","FALSE","FALSE","FALSE","FALSE","FALSE","FALSE","FALSE","FALSE"
"GO:0050900","GO:0050900","GO:0050900","leukocyte migration",269,0.412032688731805,1.73020584007476,2.56924529673751e-06,0.00128812616468249,0.0011565291747228,2181,"tags=35%, list=18%, signal=30%","ENSG00000211899/ENSG00000160683/ENSG00000007908/ENSG00000171522/ENSG00000112175/ENSG00000237412/ENSG00000150455/ENSG00000075340/ENSG00000162897/ENSG00000115232/ENSG00000137801/ENSG00000133789/ENSG00000162692/ENSG00000184371/ENSG00000123454/ENSG00000177398/ENSG00000101280/ENSG00000101336/ENSG00000134830/ENSG00000169508/ENSG00000122592/ENSG00000100600/ENSG00000136160/ENSG00000119630/ENSG00000141968/ENSG00000110080/ENSG00000177105/ENSG00000169313/ENSG00000168918/ENSG00000177628/ENSG00000165025/ENSG00000021488/ENSG00000138135/ENSG00000119919/ENSG00000167207/ENSG00000141655/ENSG00000130300/ENSG00000089060/ENSG00000140678/ENSG00000128340/ENSG00000015413/ENSG00000183087/ENSG00000182578/ENSG00000127129/ENSG00000261371/ENSG00000153208/ENSG00000168329/ENSG00000124126/ENSG00000196415/ENSG00000100311/ENSG00000204472/ENSG00000147443/ENSG00000145147/ENSG00000160255/ENSG00000147573/ENSG00000174600/ENSG00000063660/ENSG00000151651/ENSG00000107562/ENSG00000162512/ENSG00000121966/ENSG00000168421/ENSG00000165731/ENSG00000172817/ENSG00000170890/ENSG00000117407/ENSG00000136286/ENSG00000166923/ENSG00000091879/ENSG00000213949/ENSG00000151490/ENSG00000271447/ENSG00000121053/ENSG00000183018/ENSG00000110651/ENSG00000102879/ENSG00000164251/ENSG00000130876/ENSG00000090863/ENSG00000124145/ENSG00000157404/ENSG00000111679/ENSG00000102181/ENSG00000204305/ENSG00000100739/ENSG00000197635/ENSG00000186810/ENSG00000105974/ENSG00000129244/ENSG00000158769/ENSG00000126353/ENSG00000143369/ENSG00000180871/ENSG00000107099/ENSG00000120129","TRUE","FALSE","FALSE","FALSE","FALSE","FALSE","FALSE","FALSE"
"GO:0010927","GO:0010927","GO:0010927","cellular component assembly involved in morphogenesis",72,-0.677410833813571,-1.96024023227598,3.39278358579923e-06,0.0014959803189286,0.00134314862246316,1082,"tags=22%, list=9%, signal=20%","ENSG00000100625/ENSG00000105048/ENSG00000172399/ENSG00000129170/ENSG00000133392/ENSG00000100078/ENSG00000155657/ENSG00000173991/ENSG00000170807/ENSG00000239474/ENSG00000197893/ENSG00000143632/ENSG00000122367/ENSG00000143318/ENSG00000177791/ENSG00000166317","FALSE","FALSE","FALSE","FALSE","FALSE","FALSE","FALSE","FALSE"
"GO:0006261","GO:0006261","GO:0006261","DNA-dependent DNA replication",123,-0.604515689851002,-1.87353375883971,4.46851344526624e-06,0.00166854645692757,0.00149808513306051,2975,"tags=59%, list=24%, signal=45%","ENSG00000105173/ENSG00000049541/ENSG00000166508/ENSG00000187790/ENSG00000169689/ENSG00000106399/ENSG00000138375/ENSG00000111445/ENSG00000124535/ENSG00000140534/ENSG00000121988/ENSG00000198783/ENSG00000178295/ENSG00000093009/ENSG00000084073/ENSG00000140521/ENSG00000168411/ENSG00000109917/ENSG00000132383/ENSG00000163918/ENSG00000062822/ENSG00000135336/ENSG00000006634/ENSG00000154920/ENSG00000113318/ENSG00000112312/ENSG00000097046/ENSG00000134452/ENSG00000165283/ENSG00000101347/ENSG00000117748/ENSG00000020922/ENSG00000146143/ENSG00000183765/ENSG00000160949/ENSG00000178460/ENSG00000107815/ENSG00000101868/ENSG00000160957/ENSG00000181938/ENSG00000163781/ENSG00000285816/ENSG00000065328/ENSG00000051180/ENSG00000115942/ENSG00000112118/ENSG00000129173/ENSG00000143971/ENSG00000076003/ENSG00000147536/ENSG00000136982/ENSG00000106028/ENSG00000133119/ENSG00000105486/ENSG00000100297/ENSG00000198554/ENSG00000132646/ENSG00000159147/ENSG00000111877/ENSG00000164815/ENSG00000111328/ENSG00000104738/ENSG00000073111/ENSG00000013573/ENSG00000183763/ENSG00000165891/ENSG00000146263/ENSG00000204086/ENSG00000112029/ENSG00000168802/ENSG00000161692/ENSG00000111732/ENSG00000100479","FALSE","FALSE","FALSE","FALSE","FALSE","FALSE","FALSE","FALSE"
"GO:0006260","GO:0006260","GO:0006260","DNA replication",216,-0.536008715303812,-1.76573954016695,4.53820432527897e-06,0.00166854645692757,0.00149808513306051,2975,"tags=50%, list=24%, signal=39%","ENSG00000105173/ENSG00000049541/ENSG00000171848/ENSG00000166508/ENSG00000187790/ENSG00000169689/ENSG00000119335/ENSG00000106399/ENSG00000174405/ENSG00000138375/ENSG00000113456/ENSG00000111445/ENSG00000141510/ENSG00000124535/ENSG00000140534/ENSG00000121988/ENSG00000152193/ENSG00000105821/ENSG00000198783/ENSG00000178295/ENSG00000177302/ENSG00000093009/ENSG00000084073/ENSG00000140521/ENSG00000048392/ENSG00000168411/ENSG00000109917/ENSG00000128951/ENSG00000132383/ENSG00000163918/ENSG00000062822/ENSG00000135336/ENSG00000006634/ENSG00000154920/ENSG00000113318/ENSG00000112312/ENSG00000097046/ENSG00000132740/ENSG00000149136/ENSG00000134452/ENSG00000165283/ENSG00000101347/ENSG00000132780/ENSG00000136492/ENSG00000117748/ENSG00000020922/ENSG00000172613/ENSG00000146143/ENSG00000183765/ENSG00000204371/ENSG00000160949/ENSG00000162521/ENSG00000178460/ENSG00000107815/ENSG00000178966/ENSG00000101868/ENSG00000138376/ENSG00000174371/ENSG00000092853/ENSG00000149311/ENSG00000160957/ENSG00000181938/ENSG00000140451/ENSG00000163781/ENSG00000113575/ENSG00000138798/ENSG00000285816/ENSG00000065328/ENSG00000051180/ENSG00000167325/ENSG00000115942/ENSG00000112118/ENSG00000162599/ENSG00000129173/ENSG00000143971/ENSG00000076003/ENSG00000147536/ENSG00000136982/ENSG00000106028/ENSG00000166803/ENSG00000133119/ENSG00000105486/ENSG00000170312/ENSG00000100297/ENSG00000198554/ENSG00000132646/ENSG00000159147/ENSG00000111877/ENSG00000167670/ENSG00000171320/ENSG00000164815/ENSG00000111328/ENSG00000104738/ENSG00000143476/ENSG00000145386/ENSG00000073111/ENSG00000013573/ENSG00000183763/ENSG00000165891/ENSG00000146263/ENSG00000204086/ENSG00000112029/ENSG00000159259/ENSG00000168802/ENSG00000161692/ENSG00000111732/ENSG00000100479/ENSG00000263761","FALSE","FALSE","FALSE","FALSE","FALSE","FALSE","FALSE","FALSE"
"GO:0098813","GO:0098813","GO:0098813","nuclear chromosome segregation",183,-0.548401019274834,-1.76873511090072,6.46001959907627e-06,0.0022266880055566,0.00199920606539834,3064,"tags=46%, list=25%, signal=35%","ENSG00000205629/ENSG00000141255/ENSG00000116213/ENSG00000105173/ENSG00000212916/ENSG00000131462/ENSG00000187790/ENSG00000047410/ENSG00000162039/ENSG00000169689/ENSG00000213024/ENSG00000086827/ENSG00000176623/ENSG00000112941/ENSG00000153107/ENSG00000110200/ENSG00000178295/ENSG00000164695/ENSG00000058804/ENSG00000089053/ENSG00000154473/ENSG00000154920/ENSG00000143452/ENSG00000136492/ENSG00000020922/ENSG00000053900/ENSG00000237649/ENSG00000179051/ENSG00000178966/ENSG00000100814/ENSG00000143228/ENSG00000198765/ENSG00000138411/ENSG00000120498/ENSG00000124688/ENSG00000149311/ENSG00000077935/ENSG00000249961/ENSG00000167842/ENSG00000040275/ENSG00000083535/ENSG00000066923/ENSG00000129810/ENSG00000161800/ENSG00000128944/ENSG00000100918/ENSG00000136982/ENSG00000175063/ENSG00000149503/ENSG00000114346/ENSG00000163611/ENSG00000010292/ENSG00000013810/ENSG00000128789/ENSG00000164109/ENSG00000090889/ENSG00000171320/ENSG00000118193/ENSG00000109805/ENSG00000137807/ENSG00000136824/ENSG00000112742/ENSG00000138778/ENSG00000121621/ENSG00000117650/ENSG00000178999/ENSG00000177602/ENSG00000198901/ENSG00000166851/ENSG00000117724/ENSG00000121152/ENSG00000146918/ENSG00000013573/ENSG00000131747/ENSG00000126787/ENSG00000146670/ENSG00000080986/ENSG00000134690/ENSG00000134057/ENSG00000172680/ENSG00000112029/ENSG00000155657/ENSG00000168802/ENSG00000123219","FALSE","FALSE","FALSE","FALSE","FALSE","FALSE","FALSE","FALSE"
"GO:0007059","GO:0007059","GO:0007059","chromosome segregation",228,-0.525108764275413,-1.73813566189401,7.06647768841588e-06,0.00229244849715374,0.00205824836200051,2977,"tags=41%, list=24%, signal=32%","ENSG00000116213/ENSG00000105173/ENSG00000212916/ENSG00000131462/ENSG00000187790/ENSG00000047410/ENSG00000162039/ENSG00000169689/ENSG00000213024/ENSG00000175334/ENSG00000086827/ENSG00000176623/ENSG00000112941/ENSG00000153107/ENSG00000152253/ENSG00000110200/ENSG00000178295/ENSG00000164695/ENSG00000177302/ENSG00000058804/ENSG00000089053/ENSG00000154473/ENSG00000154920/ENSG00000163104/ENSG00000143452/ENSG00000136492/ENSG00000072864/ENSG00000020922/ENSG00000053900/ENSG00000237649/ENSG00000179051/ENSG00000178966/ENSG00000100814/ENSG00000143228/ENSG00000198765/ENSG00000138411/ENSG00000120498/ENSG00000124688/ENSG00000149311/ENSG00000077935/ENSG00000163029/ENSG00000249961/ENSG00000167842/ENSG00000040275/ENSG00000083535/ENSG00000066923/ENSG00000129810/ENSG00000161800/ENSG00000128944/ENSG00000166451/ENSG00000100918/ENSG00000136982/ENSG00000175063/ENSG00000149503/ENSG00000075188/ENSG00000114346/ENSG00000163611/ENSG00000159055/ENSG00000010292/ENSG00000013810/ENSG00000128789/ENSG00000089685/ENSG00000164109/ENSG00000090889/ENSG00000171320/ENSG00000118193/ENSG00000109805/ENSG00000137807/ENSG00000136824/ENSG00000112742/ENSG00000138778/ENSG00000121621/ENSG00000117650/ENSG00000178999/ENSG00000177602/ENSG00000198901/ENSG00000102901/ENSG00000166851/ENSG00000117724/ENSG00000121152/ENSG00000148773/ENSG00000146918/ENSG00000013573/ENSG00000131747/ENSG00000126787/ENSG00000146670/ENSG00000080986/ENSG00000134690/ENSG00000134057/ENSG00000172680/ENSG00000112029/ENSG00000155657/ENSG00000168802/ENSG00000123219","FALSE","FALSE","FALSE","FALSE","FALSE","FALSE","FALSE","FALSE"
"GO:0034390","GO:0034390","GO:0034390","smooth muscle cell apoptotic process",20,-0.85002677679545,-1.98019473553538,1.01328494062072e-05,0.00293251319313925,0.00263292304442946,306,"tags=25%, list=2%, signal=24%","ENSG00000111537/ENSG00000168811/ENSG00000113302/ENSG00000017427/ENSG00000091583","FALSE","FALSE","FALSE","FALSE","FALSE","FALSE","FALSE","FALSE"
"GO:0034391","GO:0034391","GO:0034391","regulation of smooth muscle cell apoptotic process",20,-0.85002677679545,-1.98019473553538,1.01328494062072e-05,0.00293251319313925,0.00263292304442946,306,"tags=25%, list=2%, signal=24%","ENSG00000111537/ENSG00000168811/ENSG00000113302/ENSG00000017427/ENSG00000091583","FALSE","FALSE","FALSE","FALSE","FALSE","FALSE","FALSE","FALSE"
"GO:0006614","GO:0006614","GO:0006614","SRP-dependent cotranslational protein targeting to membrane",77,0.574732544042835,1.97157119178464,1.06346806641496e-05,0.00293251319313925,0.00263292304442946,3566,"tags=75%, list=29%, signal=54%","ENSG00000186468/ENSG00000233927/ENSG00000158552/ENSG00000162244/ENSG00000182899/ENSG00000197756/ENSG00000125691/ENSG00000171858/ENSG00000231500/ENSG00000164587/ENSG00000063177/ENSG00000156482/ENSG00000142534/ENSG00000145592/ENSG00000134419/ENSG00000148303/ENSG00000108107/ENSG00000174748/ENSG00000137154/ENSG00000112306/ENSG00000083845/ENSG00000109475/ENSG00000161016/ENSG00000166441/ENSG00000136942/ENSG00000105640/ENSG00000142937/ENSG00000145425/ENSG00000149273/ENSG00000114391/ENSG00000163682/ENSG00000147604/ENSG00000008988/ENSG00000110700/ENSG00000221983/ENSG00000142541/ENSG00000131469/ENSG00000188846/ENSG00000198918/ENSG00000198242/ENSG00000171863/ENSG00000198755/ENSG00000118181/ENSG00000182774/ENSG00000172809/ENSG00000170889/ENSG00000174444/ENSG00000130255/ENSG00000197958/ENSG00000142676/ENSG00000105193/ENSG00000167526/ENSG00000105372/ENSG00000122026/ENSG00000089157/ENSG00000108298/ENSG00000137818/ENSG00000168028","FALSE","FALSE","FALSE","FALSE","FALSE","FALSE","FALSE","FALSE"
"GO:0030195","GO:0030195","GO:0030195","negative regulation of blood coagulation",28,-0.800423490856101,-1.97569034207328,1.19123520975241e-05,0.00305455503968711,0.00274249690445926,450,"tags=39%, list=4%, signal=38%","ENSG00000184500/ENSG00000167711/ENSG00000115718/ENSG00000140873/ENSG00000113889/ENSG00000122861/ENSG00000080618/ENSG00000149131/ENSG00000091583/ENSG00000171564/ENSG00000171557","FALSE","FALSE","FALSE","FALSE","FALSE","FALSE","FALSE","FALSE"
"GO:0065004","GO:0065004","GO:0065004","protein-DNA complex assembly",137,-0.580989679993855,-1.82491342312011,1.24535531453184e-05,0.00305455503968711,0.00274249690445926,2983,"tags=47%, list=24%, signal=36%","ENSG00000132475/ENSG00000166508/ENSG00000063978/ENSG00000118900/ENSG00000115750/ENSG00000161057/ENSG00000169689/ENSG00000119335/ENSG00000106399/ENSG00000120334/ENSG00000141510/ENSG00000181163/ENSG00000145736/ENSG00000151725/ENSG00000093009/ENSG00000132383/ENSG00000105011/ENSG00000175792/ENSG00000135336/ENSG00000111358/ENSG00000154767/ENSG00000189060/ENSG00000112312/ENSG00000100519/ENSG00000164104/ENSG00000132780/ENSG00000143799/ENSG00000117748/ENSG00000087191/ENSG00000189403/ENSG00000117505/ENSG00000099284/ENSG00000187475/ENSG00000162521/ENSG00000075856/ENSG00000178460/ENSG00000127616/ENSG00000013275/ENSG00000102384/ENSG00000167842/ENSG00000188486/ENSG00000051180/ENSG00000188312/ENSG00000112118/ENSG00000129534/ENSG00000197837/ENSG00000196497/ENSG00000119969/ENSG00000166451/ENSG00000076003/ENSG00000100297/ENSG00000159055/ENSG00000101812/ENSG00000100162/ENSG00000167670/ENSG00000183598/ENSG00000138778/ENSG00000102901/ENSG00000104738/ENSG00000117724/ENSG00000073111/ENSG00000126787/ENSG00000135547/ENSG00000159259/ENSG00000123219","FALSE","FALSE","FALSE","FALSE","FALSE","FALSE","FALSE","FALSE"
"GO:0000280","GO:0000280","GO:0000280","nuclear division",293,-0.496867703084328,-1.67675602988509,1.27451226175003e-05,0.00305455503968711,0.00274249690445926,2977,"tags=45%, list=24%, signal=35%","ENSG00000116213/ENSG00000105173/ENSG00000068796/ENSG00000212916/ENSG00000131462/ENSG00000187790/ENSG00000047410/ENSG00000162039/ENSG00000133101/ENSG00000156256/ENSG00000169689/ENSG00000213024/ENSG00000167657/ENSG00000113456/ENSG00000175334/ENSG00000086827/ENSG00000176623/ENSG00000101350/ENSG00000288000/ENSG00000112941/ENSG00000124205/ENSG00000172113/ENSG00000185627/ENSG00000153107/ENSG00000110200/ENSG00000114251/ENSG00000178295/ENSG00000164695/ENSG00000058804/ENSG00000074054/ENSG00000181773/ENSG00000107949/ENSG00000089053/ENSG00000154473/ENSG00000175826/ENSG00000154229/ENSG00000154920/ENSG00000113318/ENSG00000088833/ENSG00000173809/ENSG00000104983/ENSG00000143452/ENSG00000136492/ENSG00000072864/ENSG00000020922/ENSG00000053900/ENSG00000237649/ENSG00000100462/ENSG00000132436/ENSG00000183765/ENSG00000108106/ENSG00000168556/ENSG00000134278/ENSG00000178966/ENSG00000085999/ENSG00000100814/ENSG00000143228/ENSG00000198765/ENSG00000138411/ENSG00000120498/ENSG00000124688/ENSG00000149311/ENSG00000077935/ENSG00000249961/ENSG00000204410/ENSG00000167842/ENSG00000040275/ENSG00000188425/ENSG00000083535/ENSG00000179218/ENSG00000113575/ENSG00000138798/ENSG00000051180/ENSG00000066923/ENSG00000129810/ENSG00000160207/ENSG00000161800/ENSG00000137090/ENSG00000152670/ENSG00000173715/ENSG00000128944/ENSG00000167244/ENSG00000100918/ENSG00000136982/ENSG00000175063/ENSG00000136122/ENSG00000149503/ENSG00000138182/ENSG00000170312/ENSG00000163611/ENSG00000010292/ENSG00000087586/ENSG00000103056/ENSG00000013810/ENSG00000128789/ENSG00000197275/ENSG00000164109/ENSG00000090889/ENSG00000118193/ENSG00000109805/ENSG00000137807/ENSG00000136824/ENSG00000112742/ENSG00000157456/ENSG00000138778/ENSG00000121621/ENSG00000117650/ENSG00000178999/ENSG00000088325/ENSG00000177602/ENSG00000198901/ENSG00000166851/ENSG00000117724/ENSG00000121152/ENSG00000148773/ENSG00000146918/ENSG00000101057/ENSG00000131747/ENSG00000126787/ENSG00000146670/ENSG00000080986/ENSG00000134690/ENSG00000134057/ENSG00000172680/ENSG00000112029/ENSG00000011426/ENSG00000155657/ENSG00000156509/ENSG00000168802/ENSG00000123219/ENSG00000107831/ENSG00000017427","FALSE","FALSE","FALSE","FALSE","FALSE","FALSE","FALSE","FALSE"
"GO:0019835","GO:0019835","GO:0019835","cytolysis",14,-0.899638035651825,-1.94110322646155,1.32927145879403e-05,0.00305455503968711,0.00274249690445926,126,"tags=36%, list=1%, signal=35%","ENSG00000176919/ENSG00000113600/ENSG00000106804/ENSG00000021852/ENSG00000157131","FALSE","FALSE","FALSE","FALSE","FALSE","FALSE","FALSE","FALSE"
"GO:1900047","GO:1900047","GO:1900047","negative regulation of hemostasis",29,-0.79105515258713,-1.96533784751727,2.1549894758698e-05,0.00430382289389033,0.0038641375946672,450,"tags=38%, list=4%, signal=37%","ENSG00000184500/ENSG00000167711/ENSG00000115718/ENSG00000140873/ENSG00000113889/ENSG00000122861/ENSG00000080618/ENSG00000149131/ENSG00000091583/ENSG00000171564/ENSG00000171557","FALSE","FALSE","FALSE","FALSE","FALSE","FALSE","FALSE","FALSE"
"GO:1900046","GO:1900046","GO:1900046","regulation of hemostasis",45,-0.728329515991444,-1.95761991498313,2.18507780650824e-05,0.00430382289389033,0.0038641375946672,450,"tags=29%, list=4%, signal=28%","ENSG00000184500/ENSG00000167711/ENSG00000115718/ENSG00000140873/ENSG00000113889/ENSG00000122861/ENSG00000057593/ENSG00000080618/ENSG00000149131/ENSG00000091583/ENSG00000117601/ENSG00000171564/ENSG00000171557","FALSE","FALSE","FALSE","FALSE","FALSE","FALSE","FALSE","FALSE"
"GO:0050818","GO:0050818","GO:0050818","regulation of coagulation",46,-0.722775534585034,-1.94582993329194,2.44345871208808e-05,0.00464678441281578,0.00417206162673769,450,"tags=28%, list=4%, signal=27%","ENSG00000184500/ENSG00000167711/ENSG00000115718/ENSG00000140873/ENSG00000113889/ENSG00000122861/ENSG00000057593/ENSG00000080618/ENSG00000149131/ENSG00000091583/ENSG00000117601/ENSG00000171564/ENSG00000171557","FALSE","FALSE","FALSE","FALSE","FALSE","FALSE","FALSE","FALSE"
"GO:0000819","GO:0000819","GO:0000819","sister chromatid segregation",145,-0.570905229184039,-1.80110729574407,2.85200950528093e-05,0.00513275777260132,0.00460838718563089,1589,"tags=34%, list=13%, signal=30%","ENSG00000143228/ENSG00000138411/ENSG00000124688/ENSG00000149311/ENSG00000077935/ENSG00000167842/ENSG00000040275/ENSG00000083535/ENSG00000066923/ENSG00000129810/ENSG00000161800/ENSG00000128944/ENSG00000100918/ENSG00000136982/ENSG00000175063/ENSG00000149503/ENSG00000010292/ENSG00000013810/ENSG00000128789/ENSG00000164109/ENSG00000090889/ENSG00000171320/ENSG00000118193/ENSG00000109805/ENSG00000137807/ENSG00000136824/ENSG00000112742/ENSG00000138778/ENSG00000121621/ENSG00000117650/ENSG00000178999/ENSG00000177602/ENSG00000198901/ENSG00000166851/ENSG00000117724/ENSG00000121152/ENSG00000146918/ENSG00000013573/ENSG00000131747/ENSG00000126787/ENSG00000146670/ENSG00000080986/ENSG00000134690/ENSG00000134057/ENSG00000172680/ENSG00000112029/ENSG00000155657/ENSG00000168802/ENSG00000123219","FALSE","FALSE","FALSE","FALSE","FALSE","FALSE","FALSE","FALSE"
"GO:0000070","GO:0000070","GO:0000070","mitotic sister chromatid segregation",118,-0.597744407729752,-1.84433432600526,2.88514036175233e-05,0.00513275777260132,0.00460838718563089,1589,"tags=37%, list=13%, signal=33%","ENSG00000143228/ENSG00000138411/ENSG00000124688/ENSG00000149311/ENSG00000077935/ENSG00000167842/ENSG00000040275/ENSG00000083535/ENSG00000129810/ENSG00000161800/ENSG00000128944/ENSG00000100918/ENSG00000136982/ENSG00000175063/ENSG00000149503/ENSG00000010292/ENSG00000013810/ENSG00000128789/ENSG00000164109/ENSG00000090889/ENSG00000118193/ENSG00000109805/ENSG00000137807/ENSG00000136824/ENSG00000112742/ENSG00000138778/ENSG00000121621/ENSG00000117650/ENSG00000178999/ENSG00000177602/ENSG00000198901/ENSG00000166851/ENSG00000117724/ENSG00000121152/ENSG00000146918/ENSG00000126787/ENSG00000146670/ENSG00000080986/ENSG00000134690/ENSG00000134057/ENSG00000112029/ENSG00000155657/ENSG00000168802/ENSG00000123219","FALSE","FALSE","FALSE","FALSE","FALSE","FALSE","FALSE","FALSE"
"GO:0006941","GO:0006941","GO:0006941","striated muscle contraction",129,-0.574844229929274,-1.79026457349697,3.43906391565582e-05,0.00557846531930175,0.00500856055007786,1231,"tags=25%, list=10%, signal=23%","ENSG00000114279/ENSG00000130529/ENSG00000198336/ENSG00000108961/ENSG00000159167/ENSG00000198125/ENSG00000105048/ENSG00000177098/ENSG00000130598/ENSG00000129170/ENSG00000136574/ENSG00000158286/ENSG00000155657/ENSG00000100678/ENSG00000283927/ENSG00000149925/ENSG00000105711/ENSG00000173991/ENSG00000185482/ENSG00000138622/ENSG00000170175/ENSG00000123700/ENSG00000133055/ENSG00000120457/ENSG00000239474/ENSG00000018625/ENSG00000092054/ENSG00000101470/ENSG00000248746/ENSG00000143318/ENSG00000164708/ENSG00000168530","FALSE","FALSE","FALSE","FALSE","FALSE","FALSE","FALSE","FALSE"
"GO:0014706","GO:0014706","GO:0014706","striated muscle tissue development",278,-0.489979771183959,-1.64060515741934,3.43912639811894e-05,0.00557846531930175,0.00500856055007786,1082,"tags=18%, list=9%, signal=17%","ENSG00000100625/ENSG00000162729/ENSG00000167612/ENSG00000127124/ENSG00000167244/ENSG00000172399/ENSG00000129170/ENSG00000133392/ENSG00000061492/ENSG00000101605/ENSG00000112837/ENSG00000186895/ENSG00000120738/ENSG00000154342/ENSG00000136574/ENSG00000132429/ENSG00000117724/ENSG00000077092/ENSG00000078900/ENSG00000135547/ENSG00000134057/ENSG00000128710/ENSG00000060718/ENSG00000105989/ENSG00000100628/ENSG00000155657/ENSG00000184058/ENSG00000107831/ENSG00000128709/ENSG00000173991/ENSG00000170989/ENSG00000036448/ENSG00000126778/ENSG00000185482/ENSG00000102554/ENSG00000078579/ENSG00000142700/ENSG00000152192/ENSG00000133454/ENSG00000239474/ENSG00000122180/ENSG00000092054/ENSG00000197893/ENSG00000017427/ENSG00000143632/ENSG00000248746/ENSG00000111049/ENSG00000180209/ENSG00000143318/ENSG00000198796/ENSG00000177791","FALSE","FALSE","FALSE","FALSE","FALSE","FALSE","FALSE","FALSE"
"GO:0006695","GO:0006695","GO:0006695","cholesterol biosynthetic process",60,-0.670542675448744,-1.89659572819978,4.11000210298281e-05,0.00606817504348647,0.00544824076052114,2307,"tags=55%, list=19%, signal=45%","ENSG00000163344/ENSG00000205808/ENSG00000143815/ENSG00000132196/ENSG00000015520/ENSG00000113161/ENSG00000278540/ENSG00000130203/ENSG00000111684/ENSG00000172893/ENSG00000198911/ENSG00000148377/ENSG00000001626/ENSG00000109929/ENSG00000167910/ENSG00000079459/ENSG00000149809/ENSG00000147155/ENSG00000167508/ENSG00000052802/ENSG00000099194/ENSG00000147383/ENSG00000118137/ENSG00000112972/ENSG00000160285/ENSG00000160752/ENSG00000110921/ENSG00000116133/ENSG00000001630/ENSG00000100003/ENSG00000104549/ENSG00000169710/ENSG00000084674","FALSE","FALSE","FALSE","FALSE","FALSE","FALSE","FALSE","FALSE"
"GO:1902653","GO:1902653","GO:1902653","secondary alcohol biosynthetic process",60,-0.670542675448744,-1.89659572819978,4.11000210298281e-05,0.00606817504348647,0.00544824076052114,2307,"tags=55%, list=19%, signal=45%","ENSG00000163344/ENSG00000205808/ENSG00000143815/ENSG00000132196/ENSG00000015520/ENSG00000113161/ENSG00000278540/ENSG00000130203/ENSG00000111684/ENSG00000172893/ENSG00000198911/ENSG00000148377/ENSG00000001626/ENSG00000109929/ENSG00000167910/ENSG00000079459/ENSG00000149809/ENSG00000147155/ENSG00000167508/ENSG00000052802/ENSG00000099194/ENSG00000147383/ENSG00000118137/ENSG00000112972/ENSG00000160285/ENSG00000160752/ENSG00000110921/ENSG00000116133/ENSG00000001630/ENSG00000100003/ENSG00000104549/ENSG00000169710/ENSG00000084674","FALSE","FALSE","FALSE","FALSE","FALSE","FALSE","FALSE","FALSE"
"GO:0007517","GO:0007517","GO:0007517","muscle organ development",247,-0.500769717577497,-1.66737581174467,4.18115415507681e-05,0.00606817504348647,0.00544824076052114,1082,"tags=18%, list=9%, signal=17%","ENSG00000100625/ENSG00000138136/ENSG00000162729/ENSG00000167612/ENSG00000127124/ENSG00000167244/ENSG00000172399/ENSG00000129170/ENSG00000101605/ENSG00000186895/ENSG00000120738/ENSG00000154342/ENSG00000132429/ENSG00000117724/ENSG00000135547/ENSG00000128710/ENSG00000060718/ENSG00000105989/ENSG00000100628/ENSG00000155657/ENSG00000184058/ENSG00000107831/ENSG00000128709/ENSG00000173991/ENSG00000135903/ENSG00000170989/ENSG00000036448/ENSG00000126778/ENSG00000185482/ENSG00000102554/ENSG00000187616/ENSG00000142700/ENSG00000152192/ENSG00000133937/ENSG00000239474/ENSG00000122180/ENSG00000092054/ENSG00000017427/ENSG00000143632/ENSG00000248746/ENSG00000111049/ENSG00000180209/ENSG00000143318/ENSG00000177791/ENSG00000170681","FALSE","FALSE","FALSE","FALSE","FALSE","FALSE","FALSE","FALSE"
"GO:0061045","GO:0061045","GO:0061045","negative regulation of wound healing",47,-0.702217797072787,-1.90262927570965,4.86343565841445e-05,0.00675006502647767,0.00606046779301445,450,"tags=26%, list=4%, signal=25%","ENSG00000184500/ENSG00000167711/ENSG00000115718/ENSG00000140873/ENSG00000113889/ENSG00000122861/ENSG00000080618/ENSG00000149131/ENSG00000091583/ENSG00000171564/ENSG00000171557/ENSG00000177791","FALSE","FALSE","FALSE","FALSE","FALSE","FALSE","FALSE","FALSE"
"GO:0060271","GO:0060271","GO:0060271","cilium assembly",281,-0.483304644560738,-1.62109831002001,4.95010399407219e-05,0.00675006502647767,0.00606046779301445,3258,"tags=49%, list=27%, signal=37%","ENSG00000119636/ENSG00000163093/ENSG00000122507/ENSG00000119333/ENSG00000166596/ENSG00000183638/ENSG00000145979/ENSG00000168234/ENSG00000112144/ENSG00000135931/ENSG00000164066/ENSG00000180376/ENSG00000005249/ENSG00000138002/ENSG00000214413/ENSG00000116213/ENSG00000105479/ENSG00000131462/ENSG00000162643/ENSG00000154099/ENSG00000169379/ENSG00000170027/ENSG00000094631/ENSG00000101350/ENSG00000113621/ENSG00000130638/ENSG00000107140/ENSG00000131437/ENSG00000175970/ENSG00000181378/ENSG00000135407/ENSG00000272514/ENSG00000074054/ENSG00000118690/ENSG00000138175/ENSG00000187726/ENSG00000284862/ENSG00000160226/ENSG00000213397/ENSG00000120370/ENSG00000144061/ENSG00000105948/ENSG00000148019/ENSG00000075945/ENSG00000048342/ENSG00000147874/ENSG00000039139/ENSG00000119661/ENSG00000204104/ENSG00000165506/ENSG00000168385/ENSG00000138686/ENSG00000137601/ENSG00000100578/ENSG00000126870/ENSG00000173226/ENSG00000119650/ENSG00000156042/ENSG00000122735/ENSG00000188229/ENSG00000117155/ENSG00000135541/ENSG00000136811/ENSG00000187049/ENSG00000151849/ENSG00000164675/ENSG00000118965/ENSG00000188343/ENSG00000072864/ENSG00000163913/ENSG00000024422/ENSG00000141519/ENSG00000141577/ENSG00000165115/ENSG00000084731/ENSG00000078668/ENSG00000137821/ENSG00000138036/ENSG00000110318/ENSG00000079974/ENSG00000196230/ENSG00000155761/ENSG00000086300/ENSG00000125863/ENSG00000112981/ENSG00000197603/ENSG00000256061/ENSG00000158079/ENSG00000152669/ENSG00000138286/ENSG00000135315/ENSG00000032742/ENSG00000161996/ENSG00000198331/ENSG00000080572/ENSG00000177042/ENSG00000131351/ENSG00000083535/ENSG00000134874/ENSG00000140463/ENSG00000244607/ENSG00000011143/ENSG00000141013/ENSG00000128581/ENSG00000122417/ENSG00000108641/ENSG00000214367/ENSG00000114446/ENSG00000159079/ENSG00000142609/ENSG00000160188/ENSG00000155755/ENSG00000113966/ENSG00000139323/ENSG00000103995/ENSG00000165533/ENSG00000103494/ENSG00000170312/ENSG00000117245/ENSG00000167858/ENSG00000172426/ENSG00000117650/ENSG00000166851/ENSG00000138587/ENSG00000100078/ENSG00000142731/ENSG00000152240/ENSG00000152763/ENSG00000125409/ENSG00000214513/ENSG00000149483/ENSG00000100490/ENSG00000170264/ENSG00000264364/ENSG00000119547/ENSG00000169856/ENSG00000172425","FALSE","FALSE","FALSE","FALSE","FALSE","FALSE","FALSE","FALSE"
"GO:0007252","GO:0007252","GO:0007252","I-kappaB phosphorylation",13,0.870112377065244,2.09851718539628,5.01818070871414e-05,0.00675006502647767,0.00606046779301445,10,"tags=15%, list=0%, signal=15%","ENSG00000196664/ENSG00000207864","FALSE","FALSE","FALSE","FALSE","FALSE","FALSE","FALSE","FALSE"
"GO:0071824","GO:0071824","GO:0071824","protein-DNA complex subunit organization",162,-0.539736145773441,-1.72324864105881,5.3207820491996e-05,0.00698669357174662,0.00627292199484585,2983,"tags=42%, list=24%, signal=32%","ENSG00000132475/ENSG00000166508/ENSG00000063978/ENSG00000118900/ENSG00000115750/ENSG00000161057/ENSG00000169689/ENSG00000119335/ENSG00000106399/ENSG00000120334/ENSG00000141510/ENSG00000181163/ENSG00000145736/ENSG00000151725/ENSG00000093009/ENSG00000066117/ENSG00000132383/ENSG00000105011/ENSG00000175792/ENSG00000135336/ENSG00000111358/ENSG00000154767/ENSG00000189060/ENSG00000112312/ENSG00000100519/ENSG00000164104/ENSG00000132780/ENSG00000143799/ENSG00000117748/ENSG00000087191/ENSG00000189403/ENSG00000117505/ENSG00000099284/ENSG00000187475/ENSG00000162521/ENSG00000075856/ENSG00000178460/ENSG00000127616/ENSG00000178028/ENSG00000013275/ENSG00000102384/ENSG00000167842/ENSG00000068878/ENSG00000188486/ENSG00000051180/ENSG00000188312/ENSG00000112118/ENSG00000129534/ENSG00000197837/ENSG00000196497/ENSG00000119969/ENSG00000166451/ENSG00000076003/ENSG00000100297/ENSG00000159055/ENSG00000101812/ENSG00000100162/ENSG00000167670/ENSG00000183598/ENSG00000138778/ENSG00000102901/ENSG00000104738/ENSG00000117724/ENSG00000073111/ENSG00000126787/ENSG00000135547/ENSG00000159259/ENSG00000123219","FALSE","FALSE","FALSE","FALSE","FALSE","FALSE","FALSE","FALSE"
"GO:0061061","GO:0061061","GO:0061061","muscle structure development",457,-0.440829492912364,-1.52528777690555,6.75440887232822e-05,0.00846603748429321,0.00760113381230429,1082,"tags=14%, list=9%, signal=13%","ENSG00000100625/ENSG00000138136/ENSG00000162729/ENSG00000105048/ENSG00000167612/ENSG00000127124/ENSG00000167244/ENSG00000172399/ENSG00000129170/ENSG00000133392/ENSG00000061492/ENSG00000101605/ENSG00000112837/ENSG00000186895/ENSG00000120738/ENSG00000154342/ENSG00000136574/ENSG00000132429/ENSG00000117724/ENSG00000077092/ENSG00000135547/ENSG00000134057/ENSG00000128710/ENSG00000060718/ENSG00000105989/ENSG00000100628/ENSG00000155657/ENSG00000184058/ENSG00000283927/ENSG00000164850/ENSG00000107831/ENSG00000128709/ENSG00000125084/ENSG00000173991/ENSG00000135903/ENSG00000170989/ENSG00000036448/ENSG00000126778/ENSG00000185482/ENSG00000102554/ENSG00000170175/ENSG00000187616/ENSG00000142700/ENSG00000170807/ENSG00000152192/ENSG00000133454/ENSG00000133937/ENSG00000239474/ENSG00000122180/ENSG00000092054/ENSG00000197893/ENSG00000017427/ENSG00000143632/ENSG00000248746/ENSG00000111049/ENSG00000122367/ENSG00000164458/ENSG00000180209/ENSG00000143318/ENSG00000198796/ENSG00000177791/ENSG00000170681/ENSG00000166317","FALSE","FALSE","FALSE","FALSE","FALSE","FALSE","FALSE","FALSE"
"GO:0051346","GO:0051346","GO:0051346","negative regulation of hydrolase activity",270,-0.479824312269697,-1.60388701844681,8.05689835273952e-05,0.00958516259521329,0.00860592734606734,667,"tags=11%, list=5%, signal=11%","ENSG00000148204/ENSG00000131771/ENSG00000118137/ENSG00000073111/ENSG00000135744/ENSG00000116133/ENSG00000157150/ENSG00000140093/ENSG00000141433/ENSG00000184500/ENSG00000167711/ENSG00000132855/ENSG00000113889/ENSG00000114270/ENSG00000225968/ENSG00000151655/ENSG00000182676/ENSG00000149131/ENSG00000090512/ENSG00000099937/ENSG00000125730/ENSG00000100665/ENSG00000106804/ENSG00000166535/ENSG00000162267/ENSG00000106927/ENSG00000117601/ENSG00000145192/ENSG00000012223/ENSG00000177791","FALSE","FALSE","FALSE","FALSE","FALSE","FALSE","FALSE","FALSE"
"GO:0030049","GO:0030049","GO:0030049","muscle filament sliding",25,-0.793925405482526,-1.93043689613176,8.50203713796221e-05,0.00958516259521329,0.00860592734606734,1158,"tags=48%, list=9%, signal=44%","ENSG00000198336/ENSG00000086967/ENSG00000105048/ENSG00000130598/ENSG00000155657/ENSG00000175084/ENSG00000173991/ENSG00000092054/ENSG00000101470/ENSG00000143632/ENSG00000248746/ENSG00000168530","FALSE","FALSE","FALSE","FALSE","FALSE","FALSE","FALSE","FALSE"
"GO:0033275","GO:0033275","GO:0033275","actin-myosin filament sliding",25,-0.793925405482526,-1.93043689613176,8.50203713796221e-05,0.00958516259521329,0.00860592734606734,1158,"tags=48%, list=9%, signal=44%","ENSG00000198336/ENSG00000086967/ENSG00000105048/ENSG00000130598/ENSG00000155657/ENSG00000175084/ENSG00000173991/ENSG00000092054/ENSG00000101470/ENSG00000143632/ENSG00000248746/ENSG00000168530","FALSE","FALSE","FALSE","FALSE","FALSE","FALSE","FALSE","FALSE"
"GO:0098743","GO:0098743","GO:0098743","cell aggregation",19,-0.831015272122614,-1.91901318804708,8.51628226954581e-05,0.00958516259521329,0.00860592734606734,721,"tags=42%, list=6%, signal=40%","ENSG00000111241/ENSG00000164853/ENSG00000075388/ENSG00000060718/ENSG00000139219/ENSG00000111049/ENSG00000158887/ENSG00000012223","FALSE","FALSE","FALSE","FALSE","FALSE","FALSE","FALSE","FALSE"
"GO:0044782","GO:0044782","GO:0044782","cilium organization",290,-0.47603133412217,-1.60666805813374,9.84268916542151e-05,0.0106436138720195,0.00955624557980243,3258,"tags=48%, list=27%, signal=36%","ENSG00000119636/ENSG00000163093/ENSG00000122507/ENSG00000119333/ENSG00000166596/ENSG00000183638/ENSG00000145979/ENSG00000168234/ENSG00000112144/ENSG00000135931/ENSG00000164066/ENSG00000180376/ENSG00000005249/ENSG00000138002/ENSG00000214413/ENSG00000116213/ENSG00000105479/ENSG00000131462/ENSG00000162643/ENSG00000154099/ENSG00000169379/ENSG00000170027/ENSG00000094631/ENSG00000101350/ENSG00000113621/ENSG00000130638/ENSG00000107140/ENSG00000131437/ENSG00000175970/ENSG00000181378/ENSG00000135407/ENSG00000272514/ENSG00000074054/ENSG00000118690/ENSG00000138175/ENSG00000187726/ENSG00000284862/ENSG00000160226/ENSG00000213397/ENSG00000120370/ENSG00000144061/ENSG00000105948/ENSG00000148019/ENSG00000075945/ENSG00000048342/ENSG00000147874/ENSG00000039139/ENSG00000119661/ENSG00000204104/ENSG00000165506/ENSG00000168385/ENSG00000138686/ENSG00000137601/ENSG00000100578/ENSG00000126870/ENSG00000173226/ENSG00000119650/ENSG00000156042/ENSG00000122735/ENSG00000188229/ENSG00000117155/ENSG00000135541/ENSG00000136811/ENSG00000187049/ENSG00000151849/ENSG00000164675/ENSG00000118965/ENSG00000188343/ENSG00000072864/ENSG00000163913/ENSG00000158428/ENSG00000024422/ENSG00000141519/ENSG00000141577/ENSG00000165115/ENSG00000084731/ENSG00000078668/ENSG00000137821/ENSG00000138036/ENSG00000110318/ENSG00000079974/ENSG00000196230/ENSG00000155761/ENSG00000086300/ENSG00000125863/ENSG00000112981/ENSG00000197603/ENSG00000256061/ENSG00000158079/ENSG00000152669/ENSG00000138286/ENSG00000135315/ENSG00000032742/ENSG00000161996/ENSG00000198331/ENSG00000080572/ENSG00000177042/ENSG00000176225/ENSG00000131351/ENSG00000083535/ENSG00000134874/ENSG00000140463/ENSG00000244607/ENSG00000011143/ENSG00000141013/ENSG00000128581/ENSG00000122417/ENSG00000108641/ENSG00000214367/ENSG00000114446/ENSG00000159079/ENSG00000142609/ENSG00000160188/ENSG00000155755/ENSG00000113966/ENSG00000139323/ENSG00000103995/ENSG00000165533/ENSG00000103494/ENSG00000170312/ENSG00000117245/ENSG00000167858/ENSG00000172426/ENSG00000117650/ENSG00000166851/ENSG00000138587/ENSG00000100078/ENSG00000142731/ENSG00000152240/ENSG00000152763/ENSG00000125409/ENSG00000214513/ENSG00000149483/ENSG00000100490/ENSG00000170264/ENSG00000264364/ENSG00000119547/ENSG00000169856/ENSG00000172425","FALSE","FALSE","FALSE","FALSE","FALSE","FALSE","FALSE","FALSE"
"GO:0061041","GO:0061041","GO:0061041","regulation of wound healing",89,-0.607819820127005,-1.80251994563532,0.000105770738473987,0.0112178004362315,0.0100717723437578,450,"tags=17%, list=4%, signal=16%","ENSG00000184500/ENSG00000167711/ENSG00000189143/ENSG00000115718/ENSG00000140873/ENSG00000113889/ENSG00000122861/ENSG00000057593/ENSG00000080618/ENSG00000149131/ENSG00000091583/ENSG00000117601/ENSG00000171564/ENSG00000171557/ENSG00000177791","FALSE","FALSE","FALSE","FALSE","FALSE","FALSE","FALSE","FALSE"
"GO:0050879","GO:0050879","GO:0050879","multicellular organismal movement",43,-0.703663895647133,-1.87996884232328,0.000111340140222787,0.0113711272838643,0.0102094350800778,1094,"tags=28%, list=9%, signal=26%","ENSG00000198125/ENSG00000105048/ENSG00000130598/ENSG00000100678/ENSG00000173991/ENSG00000185482/ENSG00000170175/ENSG00000123700/ENSG00000092054/ENSG00000101470/ENSG00000248746/ENSG00000143318","FALSE","FALSE","FALSE","FALSE","FALSE","FALSE","FALSE","FALSE"
"GO:0050881","GO:0050881","GO:0050881","musculoskeletal movement",43,-0.703663895647133,-1.87996884232328,0.000111340140222787,0.0113711272838643,0.0102094350800778,1094,"tags=28%, list=9%, signal=26%","ENSG00000198125/ENSG00000105048/ENSG00000130598/ENSG00000100678/ENSG00000173991/ENSG00000185482/ENSG00000170175/ENSG00000123700/ENSG00000092054/ENSG00000101470/ENSG00000248746/ENSG00000143318","FALSE","FALSE","FALSE","FALSE","FALSE","FALSE","FALSE","FALSE"
"GO:0030449","GO:0030449","GO:0030449","regulation of complement activation",23,-0.793393344913938,-1.89992143832906,0.000182704102406189,0.016486800394643,0.0148024829997424,450,"tags=39%, list=4%, signal=38%","ENSG00000184500/ENSG00000080618/ENSG00000176919/ENSG00000149131/ENSG00000113600/ENSG00000125730/ENSG00000106804/ENSG00000021852/ENSG00000157131","TRUE","TRUE","FALSE","FALSE","FALSE","FALSE","FALSE","FALSE"
"GO:0052548","GO:0052548","GO:0052548","regulation of endopeptidase activity",237,-0.485301615332645,-1.610295614899,0.000185345716131979,0.016486800394643,0.0148024829997424,875,"tags=14%, list=7%, signal=13%","ENSG00000101439/ENSG00000071994/ENSG00000176884/ENSG00000154342/ENSG00000148204/ENSG00000112499/ENSG00000147488/ENSG00000135744/ENSG00000186868/ENSG00000116133/ENSG00000157150/ENSG00000140093/ENSG00000184500/ENSG00000117560/ENSG00000164850/ENSG00000167711/ENSG00000187094/ENSG00000113889/ENSG00000184047/ENSG00000114270/ENSG00000151655/ENSG00000149131/ENSG00000090512/ENSG00000099937/ENSG00000125730/ENSG00000100665/ENSG00000106804/ENSG00000166535/ENSG00000162267/ENSG00000106927/ENSG00000117601/ENSG00000145192/ENSG00000012223","FALSE","FALSE","FALSE","FALSE","FALSE","FALSE","FALSE","FALSE"
"GO:0046649","GO:0046649","GO:0046649","lymphocyte activation",401,0.335736588672135,1.42266196639696,0.000192764129393053,0.016610846462542,0.0149138563267256,1914,"tags=27%, list=16%, signal=23%","ENSG00000012124/ENSG00000211899/ENSG00000160683/ENSG00000109101/ENSG00000105369/ENSG00000175097/ENSG00000171522/ENSG00000147437/ENSG00000150455/ENSG00000162552/ENSG00000159216/ENSG00000115232/ENSG00000134321/ENSG00000008513/ENSG00000133789/ENSG00000162692/ENSG00000112576/ENSG00000179388/ENSG00000169508/ENSG00000010671/ENSG00000124762/ENSG00000081189/ENSG00000141968/ENSG00000127951/ENSG00000077420/ENSG00000168918/ENSG00000177628/ENSG00000066336/ENSG00000165025/ENSG00000119919/ENSG00000101082/ENSG00000125538/ENSG00000167207/ENSG00000164430/ENSG00000189114/ENSG00000128340/ENSG00000183087/ENSG00000106003/ENSG00000128917/ENSG00000048052/ENSG00000130427/ENSG00000173585/ENSG00000152518/ENSG00000153208/ENSG00000124126/ENSG00000110719/ENSG00000168071/ENSG00000134516/ENSG00000135905/ENSG00000137265/ENSG00000177425/ENSG00000119457/ENSG00000100351/ENSG00000204472/ENSG00000139370/ENSG00000164690/ENSG00000185896/ENSG00000122122/ENSG00000000938/ENSG00000160255/ENSG00000166501/ENSG00000151651/ENSG00000167601/ENSG00000056586/ENSG00000196950/ENSG00000125735/ENSG00000168421/ENSG00000005020/ENSG00000198286/ENSG00000197329/ENSG00000100060/ENSG00000184916/ENSG00000198846/ENSG00000131188/ENSG00000105122/ENSG00000102524/ENSG00000123143/ENSG00000156127/ENSG00000172216/ENSG00000165240/ENSG00000065000/ENSG00000161031/ENSG00000065675/ENSG00000138814/ENSG00000100263/ENSG00000095752/ENSG00000114315/ENSG00000110651/ENSG00000104312/ENSG00000204103/ENSG00000143772/ENSG00000102879/ENSG00000076641/ENSG00000164251/ENSG00000135047/ENSG00000223496/ENSG00000168214/ENSG00000136630/ENSG00000020633/ENSG00000124145/ENSG00000136167/ENSG00000157404/ENSG00000111679/ENSG00000165704/ENSG00000185338/ENSG00000204305/ENSG00000160685","TRUE","FALSE","FALSE","FALSE","FALSE","FALSE","FALSE","FALSE"
"GO:0098742","GO:0098742","GO:0098742","cell-cell adhesion via plasma-membrane adhesion molecules",152,-0.530080497154635,-1.67796658632661,0.000203221934048086,0.0172425994811568,0.0154810684657845,1380,"tags=24%, list=11%, signal=22%","ENSG00000165194/ENSG00000145934/ENSG00000136099/ENSG00000109943/ENSG00000158258/ENSG00000134873/ENSG00000170017/ENSG00000171217/ENSG00000152583/ENSG00000146555/ENSG00000218336/ENSG00000163347/ENSG00000144619/ENSG00000086570/ENSG00000148204/ENSG00000118137/ENSG00000009694/ENSG00000169760/ENSG00000156642/ENSG00000177103/ENSG00000169306/ENSG00000145526/ENSG00000117154/ENSG00000148948/ENSG00000189143/ENSG00000132821/ENSG00000121871/ENSG00000110400/ENSG00000099889/ENSG00000105695/ENSG00000139211/ENSG00000148600/ENSG00000156284/ENSG00000106404/ENSG00000040731/ENSG00000158887/ENSG00000165376","FALSE","FALSE","FALSE","FALSE","FALSE","FALSE","FALSE","FALSE"
"GO:0006879","GO:0006879","GO:0006879","cellular iron ion homeostasis",57,-0.656129541253137,-1.83605226767649,0.000207861774229241,0.0173690558314282,0.0155946058369115,306,"tags=16%, list=2%, signal=15%","ENSG00000111537/ENSG00000106327/ENSG00000138821/ENSG00000168509/ENSG00000187045/ENSG00000110169/ENSG00000047457/ENSG00000012223/ENSG00000263761","FALSE","FALSE","FALSE","FALSE","FALSE","FALSE","FALSE","FALSE"
"GO:0007229","GO:0007229","GO:0007229","integrin-mediated signaling pathway",66,0.55314274242514,1.85837183084927,0.000213447593395753,0.0175696041429489,0.0157746658182815,1538,"tags=33%, list=13%, signal=29%","ENSG00000115956/ENSG00000158856/ENSG00000115232/ENSG00000198542/ENSG00000154734/ENSG00000101336/ENSG00000141968/ENSG00000165025/ENSG00000077943/ENSG00000160323/ENSG00000149781/ENSG00000140678/ENSG00000138623/ENSG00000073670/ENSG00000143127/ENSG00000000938/ENSG00000160255/ENSG00000099250/ENSG00000082074/ENSG00000082781/ENSG00000213949/ENSG00000213853","FALSE","FALSE","FALSE","FALSE","FALSE","FALSE","FALSE","FALSE"
"GO:0006570","GO:0006570","GO:0006570","tyrosine metabolic process",11,-0.887016745826917,-1.81746439281847,0.000278165834731538,0.0219154939792062,0.0196765727304835,371,"tags=64%, list=3%, signal=62%","ENSG00000077498/ENSG00000103876/ENSG00000158104/ENSG00000171759/ENSG00000113924/ENSG00000172425/ENSG00000198650","FALSE","FALSE","FALSE","FALSE","FALSE","FALSE","FALSE","FALSE"
"GO:0042100","GO:0042100","GO:0042100","B cell proliferation",47,0.597398292558169,1.87322852373696,0.000292380541353093,0.022710967402286,0.0203907793406219,1642,"tags=36%, list=13%, signal=31%","ENSG00000012124/ENSG00000105369/ENSG00000175097/ENSG00000150455/ENSG00000169508/ENSG00000010671/ENSG00000124762/ENSG00000081189/ENSG00000168918/ENSG00000177425/ENSG00000122122/ENSG00000196950/ENSG00000198286/ENSG00000197329/ENSG00000102524/ENSG00000123143/ENSG00000110651","TRUE","FALSE","FALSE","FALSE","FALSE","FALSE","FALSE","TRUE"
"GO:0046939","GO:0046939","GO:0046939","nucleotide phosphorylation",108,-0.555405710296311,-1.69855489348008,0.000362522638717469,0.0259650954873616,0.0233124605950373,506,"tags=12%, list=4%, signal=12%","ENSG00000181322/ENSG00000187097/ENSG00000149925/ENSG00000119715/ENSG00000111537/ENSG00000067225/ENSG00000079739/ENSG00000122180/ENSG00000017427/ENSG00000248746/ENSG00000106633/ENSG00000103202/ENSG00000164708","FALSE","FALSE","FALSE","FALSE","FALSE","FALSE","FALSE","FALSE"
"GO:0014870","GO:0014870","GO:0014870","response to muscle inactivity",10,-0.883906394651394,-1.77237325279871,0.000420433526506347,0.0286258135639816,0.0257013555384777,227,"tags=40%, list=2%, signal=39%","ENSG00000067225/ENSG00000122180/ENSG00000248746/ENSG00000143318","FALSE","FALSE","FALSE","FALSE","FALSE","FALSE","FALSE","FALSE"
"GO:0090181","GO:0090181","GO:0090181","regulation of cholesterol metabolic process",48,-0.661017682194295,-1.78837706408156,0.000455512456755829,0.0304363883113625,0.0273269591290068,1721,"tags=46%, list=14%, signal=40%","ENSG00000113161/ENSG00000278540/ENSG00000130203/ENSG00000111684/ENSG00000172893/ENSG00000062282/ENSG00000198911/ENSG00000109929/ENSG00000167910/ENSG00000079459/ENSG00000149809/ENSG00000167508/ENSG00000099194/ENSG00000112972/ENSG00000160285/ENSG00000160752/ENSG00000110921/ENSG00000001630/ENSG00000100003/ENSG00000104549/ENSG00000169710/ENSG00000084674","FALSE","FALSE","FALSE","FALSE","FALSE","FALSE","FALSE","FALSE"
"GO:0031638","GO:0031638","GO:0031638","zymogen activation",30,-0.723641967819132,-1.8058769765879,0.00046827781260752,0.0304363883113625,0.0273269591290068,402,"tags=27%, list=3%, signal=26%","ENSG00000167711/ENSG00000122861/ENSG00000080618/ENSG00000105707/ENSG00000091583/ENSG00000171564/ENSG00000101981/ENSG00000171557","FALSE","FALSE","FALSE","FALSE","FALSE","FALSE","FALSE","FALSE"
"GO:0055072","GO:0055072","GO:0055072","iron ion homeostasis",70,-0.623250048334168,-1.79932466785789,0.000468853398444782,0.0304363883113625,0.0273269591290068,391,"tags=14%, list=3%, signal=14%","ENSG00000127954/ENSG00000111537/ENSG00000106327/ENSG00000138821/ENSG00000168509/ENSG00000187045/ENSG00000110169/ENSG00000047457/ENSG00000012223/ENSG00000263761","FALSE","FALSE","FALSE","FALSE","FALSE","FALSE","FALSE","FALSE"
"GO:0014032","GO:0014032","GO:0014032","neural crest cell development",67,0.524731660813088,1.76710473956177,0.000469101179776212,0.0304363883113625,0.0273269591290068,1648,"tags=27%, list=13%, signal=23%","ENSG00000168505/ENSG00000162517/ENSG00000151617/ENSG00000187553/ENSG00000168621/ENSG00000121039/ENSG00000136160/ENSG00000075213/ENSG00000054598/ENSG00000138623/ENSG00000164690/ENSG00000099250/ENSG00000153993/ENSG00000165731/ENSG00000082684/ENSG00000185033/ENSG00000114315/ENSG00000168758","FALSE","FALSE","FALSE","FALSE","FALSE","FALSE","FALSE","FALSE"
"GO:0048821","GO:0048821","GO:0048821","erythrocyte development",25,0.70701703528249,1.90454379933445,0.000496016135379364,0.0310136495108113,0.0278452464186394,807,"tags=24%, list=7%, signal=22%","ENSG00000158578/ENSG00000162367/ENSG00000158856/ENSG00000004939/ENSG00000069122/ENSG00000130427","TRUE","FALSE","FALSE","FALSE","FALSE","FALSE","FALSE","FALSE"
"GO:0006559","GO:0006559","GO:0006559","L-phenylalanine catabolic process",10,-0.877957838055006,-1.76044544837508,0.000546932729365874,0.0320886596005616,0.0288104317910086,696,"tags=60%, list=6%, signal=57%","ENSG00000166228/ENSG00000103876/ENSG00000158104/ENSG00000171759/ENSG00000113924/ENSG00000198650","FALSE","FALSE","FALSE","FALSE","FALSE","FALSE","FALSE","FALSE"
"GO:1902222","GO:1902222","GO:1902222","erythrose 4-phosphate/phosphoenolpyruvate family amino acid catabolic process",10,-0.877957838055006,-1.76044544837508,0.000546932729365874,0.0320886596005616,0.0288104317910086,696,"tags=60%, list=6%, signal=57%","ENSG00000166228/ENSG00000103876/ENSG00000158104/ENSG00000171759/ENSG00000113924/ENSG00000198650","FALSE","FALSE","FALSE","FALSE","FALSE","FALSE","FALSE","FALSE"
"GO:0048872","GO:0048872","GO:0048872","homeostasis of number of cells",184,0.393175664685447,1.54520157697123,0.000564598265917883,0.0322446151687291,0.0289504546936492,1798,"tags=24%, list=15%, signal=21%","ENSG00000109101/ENSG00000158578/ENSG00000204389/ENSG00000162367/ENSG00000158856/ENSG00000004939/ENSG00000184371/ENSG00000178467/ENSG00000069122/ENSG00000169508/ENSG00000081189/ENSG00000134954/ENSG00000168918/ENSG00000177628/ENSG00000066336/ENSG00000119919/ENSG00000118689/ENSG00000130427/ENSG00000153208/ENSG00000143479/ENSG00000105612/ENSG00000110719/ENSG00000135905/ENSG00000119457/ENSG00000136603/ENSG00000139370/ENSG00000122122/ENSG00000148400/ENSG00000167601/ENSG00000056586/ENSG00000125735/ENSG00000198286/ENSG00000180353/ENSG00000023330/ENSG00000102524/ENSG00000123143/ENSG00000183018/ENSG00000204103/ENSG00000143772/ENSG00000102879/ENSG00000126603/ENSG00000107798/ENSG00000171456/ENSG00000096968","FALSE","FALSE","FALSE","FALSE","FALSE","FALSE","FALSE","FALSE"
"GO:0034162","GO:0034162","GO:0034162","toll-like receptor 9 signaling pathway",18,0.764017847946529,1.95069998837854,0.000565710081704338,0.0322446151687291,0.0289504546936492,1115,"tags=28%, list=9%, signal=25%","ENSG00000196664/ENSG00000134321/ENSG00000101916/ENSG00000139370/ENSG00000110057","FALSE","FALSE","FALSE","FALSE","FALSE","FALSE","FALSE","FALSE"
"GO:0048010","GO:0048010","GO:0048010","vascular endothelial growth factor receptor signaling pathway",79,0.501240765018274,1.73920057927768,0.000569865294527228,0.0322446151687291,0.0289504546936492,2736,"tags=39%, list=22%, signal=31%","ENSG00000037280/ENSG00000158517/ENSG00000136110/ENSG00000119630/ENSG00000141968/ENSG00000054598/ENSG00000156427/ENSG00000185386/ENSG00000125538/ENSG00000116701/ENSG00000165168/ENSG00000174804/ENSG00000166501/ENSG00000099250/ENSG00000167601/ENSG00000100365/ENSG00000051523/ENSG00000114738/ENSG00000173269/ENSG00000062598/ENSG00000184304/ENSG00000106070/ENSG00000055163/ENSG00000080824/ENSG00000128052/ENSG00000273749/ENSG00000158092/ENSG00000069869/ENSG00000089159/ENSG00000051382/ENSG00000131634","FALSE","FALSE","FALSE","FALSE","FALSE","FALSE","FALSE","FALSE"
"GO:0007098","GO:0007098","GO:0007098","centrosome cycle",95,-0.562860943080464,-1.69168582686552,0.0005781745229384,0.0322446151687291,0.0289504546936492,2694,"tags=44%, list=22%, signal=35%","ENSG00000101350/ENSG00000181163/ENSG00000115561/ENSG00000131437/ENSG00000178295/ENSG00000164695/ENSG00000213397/ENSG00000147874/ENSG00000088833/ENSG00000117155/ENSG00000136811/ENSG00000151849/ENSG00000072864/ENSG00000141577/ENSG00000147316/ENSG00000108395/ENSG00000176225/ENSG00000131351/ENSG00000044459/ENSG00000177143/ENSG00000140463/ENSG00000196584/ENSG00000074935/ENSG00000129810/ENSG00000214367/ENSG00000111554/ENSG00000102981/ENSG00000139323/ENSG00000103995/ENSG00000166803/ENSG00000164118/ENSG00000156876/ENSG00000170312/ENSG00000163611/ENSG00000087586/ENSG00000162063/ENSG00000117650/ENSG00000166851/ENSG00000080986/ENSG00000142731/ENSG00000152240/ENSG00000123473","FALSE","FALSE","FALSE","FALSE","FALSE","FALSE","FALSE","FALSE"
"GO:1901223","GO:1901223","GO:1901223","negative regulation of NIK/NF-kappaB signaling",18,0.762180874675914,1.94600980509647,0.000579099514982084,0.0322446151687291,0.0289504546936492,161,"tags=11%, list=1%, signal=11%","ENSG00000207864/ENSG00000267200","FALSE","FALSE","FALSE","FALSE","FALSE","FALSE","FALSE","FALSE"
"GO:0032675","GO:0032675","GO:0032675","regulation of interleukin-6 production",75,0.523277613688527,1.78602014907708,0.000623879343448223,0.0324132862793264,0.0291018940989553,1904,"tags=37%, list=16%, signal=32%","ENSG00000196664/ENSG00000112116/ENSG00000163794/ENSG00000150455/ENSG00000267200/ENSG00000134830/ENSG00000168918/ENSG00000177628/ENSG00000165025/ENSG00000125538/ENSG00000167207/ENSG00000183087/ENSG00000101425/ENSG00000172247/ENSG00000101916/ENSG00000174130/ENSG00000204472/ENSG00000169129/ENSG00000160703/ENSG00000051523/ENSG00000187796/ENSG00000172216/ENSG00000104312/ENSG00000164251/ENSG00000115267/ENSG00000111679/ENSG00000204305/ENSG00000156711","FALSE","FALSE","FALSE","TRUE","FALSE","FALSE","FALSE","FALSE"
"GO:0019221","GO:0019221","GO:0019221","cytokine-mediated signaling pathway",419,0.31516500315923,1.37228788124055,0.000625061239972447,0.0324132862793264,0.0291018940989553,2156,"tags=25%, list=18%, signal=21%","ENSG00000124334/ENSG00000207864/ENSG00000160683/ENSG00000112116/ENSG00000124491/ENSG00000204389/ENSG00000159216/ENSG00000187266/ENSG00000134321/ENSG00000162692/ENSG00000184371/ENSG00000170345/ENSG00000101336/ENSG00000075618/ENSG00000148346/ENSG00000176170/ENSG00000188263/ENSG00000164078/ENSG00000124762/ENSG00000141968/ENSG00000054598/ENSG00000101871/ENSG00000221869/ENSG00000168918/ENSG00000184557/ENSG00000066336/ENSG00000165025/ENSG00000148660/ENSG00000100385/ENSG00000125538/ENSG00000167207/ENSG00000141655/ENSG00000151468/ENSG00000118689/ENSG00000130300/ENSG00000111057/ENSG00000136997/ENSG00000140678/ENSG00000183087/ENSG00000182578/ENSG00000178623/ENSG00000130427/ENSG00000033327/ENSG00000173585/ENSG00000127129/ENSG00000122756/ENSG00000168329/ENSG00000172247/ENSG00000196415/ENSG00000100311/ENSG00000108342/ENSG00000137265/ENSG00000138496/ENSG00000073756/ENSG00000145147/ENSG00000160255/ENSG00000174804/ENSG00000143384/ENSG00000174600/ENSG00000167601/ENSG00000107562/ENSG00000116329/ENSG00000115325/ENSG00000121966/ENSG00000174516/ENSG00000116574/ENSG00000125735/ENSG00000140968/ENSG00000102007/ENSG00000162676/ENSG00000173578/ENSG00000197329/ENSG00000067182/ENSG00000102524/ENSG00000156127/ENSG00000092871/ENSG00000095752/ENSG00000104312/ENSG00000185187/ENSG00000164251/ENSG00000174238/ENSG00000096968/ENSG00000113494/ENSG00000126456/ENSG00000136167/ENSG00000025434/ENSG00000157404/ENSG00000111679/ENSG00000150907/ENSG00000185338/ENSG00000129048/ENSG00000105245/ENSG00000128604/ENSG00000186810/ENSG00000105270/ENSG00000080824/ENSG00000118503/ENSG00000105397/ENSG00000105974/ENSG00000126353/ENSG00000162775/ENSG00000143369/ENSG00000067955/ENSG00000180871/ENSG00000185291","FALSE","FALSE","FALSE","FALSE","TRUE","FALSE","FALSE","FALSE"
"GO:0006007","GO:0006007","GO:0006007","glucose catabolic process",27,-0.73278175380916,-1.79058371774661,0.000632052508203049,0.0324132862793264,0.0291018940989553,434,"tags=22%, list=4%, signal=21%","ENSG00000152556/ENSG00000149925/ENSG00000067225/ENSG00000248746/ENSG00000106633/ENSG00000164708","FALSE","FALSE","FALSE","FALSE","FALSE","FALSE","FALSE","FALSE"
"GO:0032635","GO:0032635","GO:0032635","interleukin-6 production",76,0.516502001529298,1.76381774119164,0.000644870604089096,0.0324132862793264,0.0291018940989553,1904,"tags=37%, list=16%, signal=31%","ENSG00000196664/ENSG00000112116/ENSG00000163794/ENSG00000150455/ENSG00000267200/ENSG00000134830/ENSG00000168918/ENSG00000177628/ENSG00000165025/ENSG00000125538/ENSG00000167207/ENSG00000183087/ENSG00000101425/ENSG00000172247/ENSG00000101916/ENSG00000174130/ENSG00000204472/ENSG00000169129/ENSG00000160703/ENSG00000051523/ENSG00000187796/ENSG00000172216/ENSG00000104312/ENSG00000164251/ENSG00000115267/ENSG00000111679/ENSG00000204305/ENSG00000156711","FALSE","FALSE","FALSE","TRUE","FALSE","FALSE","FALSE","FALSE"
"GO:0048864","GO:0048864","GO:0048864","stem cell development",68,0.518830585248405,1.75973344750142,0.000646502536849666,0.0324132862793264,0.0291018940989553,1648,"tags=26%, list=13%, signal=23%","ENSG00000168505/ENSG00000162517/ENSG00000151617/ENSG00000187553/ENSG00000168621/ENSG00000121039/ENSG00000136160/ENSG00000075213/ENSG00000054598/ENSG00000138623/ENSG00000164690/ENSG00000099250/ENSG00000153993/ENSG00000165731/ENSG00000082684/ENSG00000185033/ENSG00000114315/ENSG00000168758","FALSE","FALSE","FALSE","FALSE","FALSE","FALSE","FALSE","FALSE"
"GO:0043403","GO:0043403","GO:0043403","skeletal muscle tissue regeneration",31,-0.718548306219577,-1.81027461297577,0.000687274671101259,0.033842141170745,0.0303847749328978,227,"tags=19%, list=2%, signal=19%","ENSG00000067225/ENSG00000102554/ENSG00000187616/ENSG00000122180/ENSG00000017427/ENSG00000177791","FALSE","FALSE","FALSE","FALSE","FALSE","FALSE","FALSE","FALSE"
"GO:0035988","GO:0035988","GO:0035988","chondrocyte proliferation",18,-0.803311585485164,-1.83983335592238,0.000698325609742514,0.0340819976790262,0.0306001273239756,390,"tags=28%, list=3%, signal=27%","ENSG00000159167/ENSG00000162733/ENSG00000272573/ENSG00000170577/ENSG00000012223","FALSE","FALSE","FALSE","FALSE","FALSE","FALSE","FALSE","FALSE"
"GO:0031032","GO:0031032","GO:0031032","actomyosin structure organization",151,-0.508408939145882,-1.61062136904064,0.000761265445376867,0.0363769262319149,0.0326606023753261,1082,"tags=16%, list=9%, signal=15%","ENSG00000161800/ENSG00000100625/ENSG00000105048/ENSG00000140030/ENSG00000172399/ENSG00000129170/ENSG00000133392/ENSG00000114346/ENSG00000172159/ENSG00000118137/ENSG00000011426/ENSG00000155657/ENSG00000167711/ENSG00000173991/ENSG00000170989/ENSG00000171877/ENSG00000170807/ENSG00000239474/ENSG00000197893/ENSG00000143632/ENSG00000122367/ENSG00000143318/ENSG00000177791/ENSG00000166317","FALSE","FALSE","FALSE","FALSE","FALSE","FALSE","FALSE","FALSE"
"GO:0002521","GO:0002521","GO:0002521","leukocyte differentiation",333,0.325367863844547,1.37577664448544,0.000852947113735666,0.0394187999408143,0.0353917134936471,1914,"tags=28%, list=16%, signal=24%","ENSG00000109101/ENSG00000105369/ENSG00000175097/ENSG00000171522/ENSG00000162367/ENSG00000149635/ENSG00000162552/ENSG00000132703/ENSG00000159216/ENSG00000115232/ENSG00000164326/ENSG00000134321/ENSG00000008513/ENSG00000162692/ENSG00000184371/ENSG00000170345/ENSG00000179388/ENSG00000092067/ENSG00000174004/ENSG00000159189/ENSG00000169508/ENSG00000122592/ENSG00000010671/ENSG00000141968/ENSG00000129993/ENSG00000127951/ENSG00000168918/ENSG00000177628/ENSG00000066336/ENSG00000165025/ENSG00000119919/ENSG00000125538/ENSG00000141655/ENSG00000136997/ENSG00000183087/ENSG00000182578/ENSG00000106003/ENSG00000128917/ENSG00000048052/ENSG00000154127/ENSG00000033327/ENSG00000173585/ENSG00000152518/ENSG00000153208/ENSG00000124126/ENSG00000110719/ENSG00000196415/ENSG00000134516/ENSG00000135905/ENSG00000108342/ENSG00000137265/ENSG00000173334/ENSG00000119457/ENSG00000107957/ENSG00000128606/ENSG00000164690/ENSG00000122122/ENSG00000130584/ENSG00000151651/ENSG00000167601/ENSG00000056586/ENSG00000119714/ENSG00000168421/ENSG00000140968/ENSG00000198286/ENSG00000100060/ENSG00000184916/ENSG00000198846/ENSG00000180353/ENSG00000077585/ENSG00000131188/ENSG00000156127/ENSG00000172216/ENSG00000165240/ENSG00000065000/ENSG00000145022/ENSG00000161031/ENSG00000095752/ENSG00000110651/ENSG00000104312/ENSG00000204103/ENSG00000143772/ENSG00000081087/ENSG00000164251/ENSG00000135047/ENSG00000168214/ENSG00000136630/ENSG00000020633/ENSG00000157404/ENSG00000111679/ENSG00000134198/ENSG00000185338/ENSG00000204305/ENSG00000160685","TRUE","FALSE","FALSE","FALSE","FALSE","FALSE","FALSE","FALSE"
"GO:0016125","GO:0016125","GO:0016125","sterol metabolic process",126,-0.528854266148417,-1.6438733625884,0.000854268503503876,0.0394187999408143,0.0353917134936471,2307,"tags=41%, list=19%, signal=34%","ENSG00000163344/ENSG00000205808/ENSG00000143815/ENSG00000111664/ENSG00000122787/ENSG00000132196/ENSG00000015520/ENSG00000169174/ENSG00000145476/ENSG00000113161/ENSG00000278540/ENSG00000130203/ENSG00000036530/ENSG00000111684/ENSG00000172893/ENSG00000062282/ENSG00000198911/ENSG00000105398/ENSG00000148377/ENSG00000087237/ENSG00000131910/ENSG00000001626/ENSG00000109929/ENSG00000167910/ENSG00000079459/ENSG00000149809/ENSG00000147155/ENSG00000167508/ENSG00000052802/ENSG00000099194/ENSG00000133935/ENSG00000166394/ENSG00000147383/ENSG00000170271/ENSG00000213398/ENSG00000118137/ENSG00000112972/ENSG00000180432/ENSG00000160285/ENSG00000160752/ENSG00000147465/ENSG00000110921/ENSG00000116133/ENSG00000001630/ENSG00000100003/ENSG00000104549/ENSG00000169710/ENSG00000123179/ENSG00000084674/ENSG00000132855/ENSG00000137869/ENSG00000231852","FALSE","FALSE","FALSE","FALSE","FALSE","FALSE","FALSE","FALSE"
"GO:0002042","GO:0002042","GO:0002042","cell migration involved in sprouting angiogenesis",48,0.577182150359641,1.82471388705588,0.000885190049495245,0.0394187999408143,0.0353917134936471,1811,"tags=35%, list=15%, signal=30%","ENSG00000207864/ENSG00000267200/ENSG00000137801/ENSG00000179388/ENSG00000112333/ENSG00000128917/ENSG00000048052/ENSG00000073756/ENSG00000145147/ENSG00000148400/ENSG00000099250/ENSG00000166923/ENSG00000173269/ENSG00000100065/ENSG00000125266/ENSG00000011405/ENSG00000136826","FALSE","FALSE","FALSE","FALSE","FALSE","FALSE","FALSE","FALSE"
"GO:0008217","GO:0008217","GO:0008217","regulation of blood pressure",119,0.429111704102417,1.59836756990002,0.000890357229234388,0.0394187999408143,0.0353917134936471,1311,"tags=26%, list=11%, signal=23%","ENSG00000207864/ENSG00000244734/ENSG00000274286/ENSG00000151617/ENSG00000163794/ENSG00000164326/ENSG00000177674/ENSG00000102032/ENSG00000162545/ENSG00000121064/ENSG00000136160/ENSG00000101405/ENSG00000170214/ENSG00000120907/ENSG00000103647/ENSG00000183087/ENSG00000137509/ENSG00000127129/ENSG00000043591/ENSG00000108405/ENSG00000100311/ENSG00000265107/ENSG00000128165/ENSG00000073756/ENSG00000151577/ENSG00000095303/ENSG00000118432/ENSG00000176387/ENSG00000145244/ENSG00000143839/ENSG00000166148","FALSE","FALSE","FALSE","FALSE","FALSE","FALSE","FALSE","FALSE"
"GO:0051321","GO:0051321","GO:0051321","meiotic cell cycle",151,-0.502470005236461,-1.59180703843524,0.00108986442047231,0.0458824601443115,0.041195036029745,2975,"tags=50%, list=24%, signal=39%","ENSG00000105173/ENSG00000131462/ENSG00000187790/ENSG00000162039/ENSG00000133101/ENSG00000169689/ENSG00000113456/ENSG00000086827/ENSG00000185627/ENSG00000130640/ENSG00000114251/ENSG00000177138/ENSG00000177302/ENSG00000159899/ENSG00000058804/ENSG00000181773/ENSG00000154473/ENSG00000132383/ENSG00000154920/ENSG00000113318/ENSG00000173809/ENSG00000184571/ENSG00000143452/ENSG00000136492/ENSG00000020922/ENSG00000047188/ENSG00000077800/ENSG00000173769/ENSG00000132436/ENSG00000168556/ENSG00000134278/ENSG00000178460/ENSG00000178966/ENSG00000085999/ENSG00000100814/ENSG00000143228/ENSG00000198765/ENSG00000120498/ENSG00000116062/ENSG00000174371/ENSG00000149311/ENSG00000077935/ENSG00000249961/ENSG00000204410/ENSG00000188425/ENSG00000179218/ENSG00000113575/ENSG00000188486/ENSG00000051180/ENSG00000196584/ENSG00000066923/ENSG00000129810/ENSG00000160207/ENSG00000160188/ENSG00000137090/ENSG00000152670/ENSG00000147082/ENSG00000173715/ENSG00000100918/ENSG00000149503/ENSG00000010292/ENSG00000087586/ENSG00000197275/ENSG00000136824/ENSG00000112742/ENSG00000157456/ENSG00000121621/ENSG00000117650/ENSG00000166851/ENSG00000131747/ENSG00000138587/ENSG00000172680/ENSG00000112029/ENSG00000183324/ENSG00000156509/ENSG00000178997","FALSE","FALSE","FALSE","FALSE","FALSE","FALSE","FALSE","FALSE"
"GO:0016052","GO:0016052","GO:0016052","carbohydrate catabolic process",153,-0.503882818767852,-1.59874737835567,0.00111310093011072,0.0462490268677091,0.0415241537215639,562,"tags=11%, list=5%, signal=11%","ENSG00000118804/ENSG00000132825/ENSG00000187097/ENSG00000149925/ENSG00000119715/ENSG00000164776/ENSG00000111537/ENSG00000068976/ENSG00000067225/ENSG00000079739/ENSG00000122180/ENSG00000017427/ENSG00000248746/ENSG00000204099/ENSG00000100253/ENSG00000106633/ENSG00000164708","FALSE","FALSE","FALSE","FALSE","FALSE","FALSE","FALSE","FALSE"
"GO:0006757","GO:0006757","GO:0006757","ATP generation from ADP",95,-0.548656575711681,-1.64899441746367,0.00111534371231284,0.0462490268677091,0.0415241537215639,453,"tags=12%, list=4%, signal=11%","ENSG00000187097/ENSG00000149925/ENSG00000119715/ENSG00000111537/ENSG00000067225/ENSG00000079739/ENSG00000122180/ENSG00000017427/ENSG00000248746/ENSG00000106633/ENSG00000164708","FALSE","FALSE","FALSE","FALSE","FALSE","FALSE","FALSE","FALSE"
"GO:0007040","GO:0007040","GO:0007040","lysosome organization",58,0.553362564231025,1.78131260019492,0.00118956795258049,0.0485960537665288,0.0436314046700866,2970,"tags=48%, list=24%, signal=37%","ENSG00000179331/ENSG00000120280/ENSG00000177628/ENSG00000188906/ENSG00000131238/ENSG00000049860/ENSG00000166340/ENSG00000143553/ENSG00000138760/ENSG00000112561/ENSG00000164961/ENSG00000165029/ENSG00000102805/ENSG00000146352/ENSG00000104142/ENSG00000100099/ENSG00000102879/ENSG00000103174/ENSG00000101955/ENSG00000188603/ENSG00000104133/ENSG00000142513/ENSG00000111670/ENSG00000113273/ENSG00000128973/ENSG00000116857/ENSG00000132842/ENSG00000107521","FALSE","FALSE","FALSE","FALSE","FALSE","FALSE","FALSE","FALSE"
"GO:0080171","GO:0080171","GO:0080171","lytic vacuole organization",58,0.553362564231025,1.78131260019492,0.00118956795258049,0.0485960537665288,0.0436314046700866,2970,"tags=48%, list=24%, signal=37%","ENSG00000179331/ENSG00000120280/ENSG00000177628/ENSG00000188906/ENSG00000131238/ENSG00000049860/ENSG00000166340/ENSG00000143553/ENSG00000138760/ENSG00000112561/ENSG00000164961/ENSG00000165029/ENSG00000102805/ENSG00000146352/ENSG00000104142/ENSG00000100099/ENSG00000102879/ENSG00000103174/ENSG00000101955/ENSG00000188603/ENSG00000104133/ENSG00000142513/ENSG00000111670/ENSG00000113273/ENSG00000128973/ENSG00000116857/ENSG00000132842/ENSG00000107521","FALSE","FALSE","FALSE","FALSE","FALSE","FALSE","FALSE","FALSE"
"GO:0006959","GO:0006959","GO:0006959","humoral immune response",88,-0.566477269129531,-1.6794427217512,0.0012260704924153,0.0487753888256051,0.0437924185781641,450,"tags=20%, list=4%, signal=20%","ENSG00000184500/ENSG00000183918/ENSG00000111537/ENSG00000009724/ENSG00000145247/ENSG00000184374/ENSG00000080618/ENSG00000176919/ENSG00000149131/ENSG00000113600/ENSG00000125730/ENSG00000110169/ENSG00000118004/ENSG00000106804/ENSG00000021852/ENSG00000157131/ENSG00000171564/ENSG00000012223","TRUE","FALSE","FALSE","FALSE","FALSE","FALSE","FALSE","FALSE"
"GO:0060326","GO:0060326","GO:0060326","cell chemotaxis",179,0.384235822355037,1.50885808399854,0.00122933436931262,0.0487753888256051,0.0437924185781641,2181,"tags=37%, list=18%, signal=31%","ENSG00000160683/ENSG00000237412/ENSG00000150455/ENSG00000113721/ENSG00000137801/ENSG00000133789/ENSG00000162692/ENSG00000184371/ENSG00000179388/ENSG00000134830/ENSG00000169508/ENSG00000100600/ENSG00000136160/ENSG00000119630/ENSG00000141968/ENSG00000156427/ENSG00000177105/ENSG00000165025/ENSG00000138135/ENSG00000198121/ENSG00000167207/ENSG00000141655/ENSG00000089060/ENSG00000128340/ENSG00000015413/ENSG00000183087/ENSG00000182578/ENSG00000173585/ENSG00000127129/ENSG00000168329/ENSG00000124126/ENSG00000100311/ENSG00000204472/ENSG00000145147/ENSG00000148400/ENSG00000160255/ENSG00000128512/ENSG00000174600/ENSG00000099250/ENSG00000151651/ENSG00000107562/ENSG00000121966/ENSG00000172817/ENSG00000170890/ENSG00000173578/ENSG00000166923/ENSG00000213949/ENSG00000151490/ENSG00000271447/ENSG00000065675/ENSG00000062598/ENSG00000102879/ENSG00000164251/ENSG00000154928/ENSG00000146242/ENSG00000184304/ENSG00000157404/ENSG00000129048/ENSG00000197635/ENSG00000186810/ENSG00000128052/ENSG00000126353/ENSG00000110934/ENSG00000180871/ENSG00000171680/ENSG00000120129","FALSE","FALSE","FALSE","FALSE","FALSE","FALSE","FALSE","FALSE"
